timestamp_ms,accX,accY,accZ,label
18557.0328690137,-1.121562024249286,2.2975256117792138,9.731378077757627,imbalance
18562.04287585759,2.96362593575556,0.8127255263035837,10.772619669986224,imbalance
18567.034425070146,0.2264332694639621,-2.949029328613761,9.858921558369852,imbalance
18572.02614962232,-2.070416705194206,-0.473708698548421,8.95587203522093,imbalance
18576.96738946237,-1.5173342337322129,2.1459610454681823,9.64446201845713,imbalance
18581.95594034826,2.6194675832495,1.8464286945818429,10.81203615379585,imbalance
18586.987251663464,1.0300823605668226,-2.630228384860684,10.242455291819468,imbalance
18592.071347352827,-1.6984873176172184,-1.0047206161622972,9.205735584486575,imbalance
18596.99302967568,-1.6363769827653087,1.09875834493492,9.085804412141924,imbalance
18602.01083316372,2.090957491699766,2.1733202720602938,10.2318806850673,imbalance
18607.0492461139,1.7745307900740217,-2.5664790836102727,10.506499962832994,imbalance
18612.136233891608,-1.7440930970101256,-1.0147469779876914,9.234509486220649,imbalance
18617.1432624456,-1.816096269001799,0.8952531965406016,8.811752019923459,imbalance
18622.15813843712,1.3269801803091534,2.601774585920749,10.4606667552846,imbalance
18627.14580018733,2.3728195738934703,-1.8648456420755928,10.382308136884438,imbalance
18632.162564210983,-1.5065140194696602,-1.900241889922968,9.902789138900271,imbalance
18637.111205234385,-1.909619706909227,0.2573386192964336,8.946919617004488,imbalance
18642.070406012448,0.6013903067242015,2.395266189725477,10.09664372131717,imbalance
18646.996647090367,3.3217191263751498,-0.5827540505096397,10.262670278959714,imbalance
18651.95081817162,-0.9557249166551386,-2.484566194528636,9.52395353828192,imbalance
18656.90042960388,-1.972145993460556,-0.0250718174198312,8.801841855932237,imbalance
18661.81228132012,-1.161573064588059,2.541185887876611,9.45474811163569,imbalance
18666.803740102965,3.182622584652849,0.2352361968197678,10.641283055912394,imbalance
18671.83745335146,-0.2901867926660468,-2.5845598530322507,10.048277869409464,imbalance
18676.8258843502,-1.8151323624796147,-0.4017194703320728,8.705184058910264,imbalance
18681.84153413997,-1.4292433733516077,1.9177641128439984,9.633349801492416,imbalance
18686.87059534434,3.099822226533666,0.9369081258232862,10.698486270911806,imbalance
18691.83155993383,0.4599474366666469,-2.8128161477552904,10.026736196027,imbalance
18696.84150283101,-1.5489934175577331,-0.8668664064734908,9.053714097952517,imbalance
18701.788288005017,-1.9597874695109,1.7399508393486087,9.326538242352932,imbalance
18706.83119174031,2.580305877718584,2.034344450205332,10.466573927422097,imbalance
18711.853164580065,1.1934807493775317,-2.44880028285238,10.3950168916854,imbalance
18716.78919183957,-1.75112451966927,-0.9566311002745822,8.997074987931915,imbalance
18721.801071557773,-1.8037222209224588,1.0379156651584367,9.318599090050366,imbalance
18726.889956940828,1.7093971913930437,2.4819571103970803,10.29485927466823,imbalance
18731.883215721307,2.361905922550898,-2.156590661529459,10.05096778993013,imbalance
18736.918626850544,-1.5671613815087548,-1.098877778931591,8.768548928424442,imbalance
18741.832629869623,-1.8407286735470645,0.429992355174736,8.984814278243428,imbalance
18746.834736972487,0.6774944815568473,3.1344931989802016,10.150938970705486,imbalance
18751.82555013251,2.5138094404763898,-1.924057892165122,10.73405005339266,imbalance
18756.846908586303,-1.7520368068221908,-1.6878348900203486,9.566429748437113,imbalance
18761.92737106492,-1.934771801102632,0.3266410676361657,9.009759763163984,imbalance
18766.803543843947,0.077388187091159,2.821023083947177,9.801887121730166,imbalance
18771.833164305022,3.0916385758560416,-0.6162961642914576,10.583044642567112,imbalance
18776.798834895348,-0.6430596319889419,-2.231232238455213,9.479047262241744,imbalance
18781.765263552203,-1.721067075828732,-0.0221913774582975,9.006193674965575,imbalance
18786.693321065984,-1.08133951091113,2.5679698692571167,9.83228159907677,imbalance
18791.69478673848,3.1823140476576386,0.4578459232406982,10.857954781574128,imbalance
18796.75718372001,-0.1850692698715368,-2.756245457209598,9.886570370339085,imbalance
18801.768514600622,-1.8757359620657457,-0.3362757556906507,8.776625017501841,imbalance
18806.745685195703,-1.0308270153692551,2.015974718461864,9.210251554673007,imbalance
18811.788568891006,2.764607525932892,1.37630781064653,10.768398296984262,imbalance
18816.768181080944,0.4153521758765953,-2.9240396214428874,9.659547752078808,imbalance
18821.740701313567,-1.7236954468098329,-0.5852151492290631,9.57553629119684,imbalance
18826.735210433988,-1.7858371409454887,1.376078650441006,9.485643863262656,imbalance
18831.723731238468,2.6970817390842354,1.7667138474478932,10.372662784333214,imbalance
18836.730226896383,1.5984660701034308,-2.674752136409035,10.452278554009116,imbalance
18841.729789490764,-1.7014169517608828,-0.995690110457034,8.888534422433738,imbalance
18846.74555355389,-1.9710685246107629,1.3235776460244275,9.533211581509144,imbalance
18851.733590382817,1.821711867831556,2.5599590967677663,10.793628733818956,imbalance
18856.70315863329,2.2491255055803654,-2.1274613615919136,10.568155768619544,imbalance
18861.610261729227,-1.7673243926526487,-1.15479145137062,9.476681216579069,imbalance
18866.62874101288,-1.8347637040900389,0.6962985172254956,9.004526530702945,imbalance
18871.610409646742,0.6594640470298864,2.626049563068593,10.25643939830428,imbalance
18876.66817551761,3.235131023831273,-1.4894153770514078,10.775795130906191,imbalance
18881.69823224346,-1.5665123449243363,-2.082359023768253,9.601445585136991,imbalance
18886.71215165219,-1.7103395833122617,0.4769154046252817,9.06789774141635,imbalance
18891.70313846256,-0.4144790436286686,2.631745192135991,9.545205300150869,imbalance
18896.71343412396,3.3651477717470755,-0.8188082875694525,10.99821998049458,imbalance
18901.67343879612,-0.6885426313637881,-2.3824192791829324,9.92592118648802,imbalance
18906.70775470728,-1.7529990900955352,-0.1047731394247087,8.818346382423227,imbalance
18911.646377772155,-0.8508979924553102,2.575018972706192,9.87108672814702,imbalance
18916.634947679595,3.1286409857467645,0.6107378862952854,10.606275184657424,imbalance
18921.655752313665,-0.2888546309461358,-2.2764786695445336,9.917465024245873,imbalance
18926.598688092152,-1.6600376341878773,-0.158727783207377,8.977096996025129,imbalance
18931.620626398115,-1.4238557910116176,1.7897357470878332,9.625800478628973,imbalance
18936.73070315797,3.1522133669632386,1.1269150179589595,10.689644634604443,imbalance
18941.665471017728,0.7904744877542025,-3.0411332530955177,10.14287523557934,imbalance
18946.532967145667,-1.713213698024051,-0.8412437526393649,9.180754307515937,imbalance
18951.538979944253,-1.4673494363738158,1.7801358282632138,9.656601090730009,imbalance
18956.67444091379,2.232722256545685,1.9479163973190745,10.64101936565947,imbalance
18961.71069132579,1.676868437984079,-2.082387873203344,10.088965992231843,imbalance
18966.75898236661,-1.693803993608362,-1.192171688498938,9.128174201696613,imbalance
18971.805461204203,-1.4775136575555468,1.403953450596875,8.763848326781334,imbalance
18976.749007277736,1.4951003213760043,2.9206793144933627,10.478966768999827,imbalance
18981.808338294097,2.473876551556318,-2.560818512523447,10.544155615843485,imbalance
18986.771055835947,-1.7070081182810852,-1.5578898732140756,9.153092983759196,imbalance
18991.76148848716,-1.5266411627014784,0.4338313941328282,8.688522233813206,imbalance
18996.695601804204,0.7947681272280827,2.760153348033259,10.125667280572769,imbalance
19001.722092474087,2.471567689251617,-1.429924284214184,10.180145546723866,imbalance
19006.77772318444,-1.6274131643786234,-2.0375436062021053,9.146320873582622,imbalance
19011.775846639604,-1.7362233961215947,0.1923465881353732,9.001442472474633,imbalance
19016.76845546033,-0.2788556323445788,3.030696325654882,10.009041811913232,imbalance
19021.82554936036,2.936321265639896,-0.7051184614800748,10.7829846747794,imbalance
19026.7887955525,-0.8415504198041873,-2.232424465313989,9.49115729342104,imbalance
19031.8212344378,-1.7632695769417843,0.0561384527986055,8.73191370200447,imbalance
19036.79680500423,-0.9723793312103852,2.719933039952127,10.135265779353162,imbalance
19041.761394846348,3.142245075353454,0.0902134306240965,10.89026424657294,imbalance
19046.779276858368,-0.1642371598031599,-2.3161048240412505,10.107521289949066,imbalance
19051.772718533968,-1.5233111259744572,-0.2390121809747793,8.784361161911718,imbalance
19056.77086735387,-1.52120113754303,2.44488444373742,9.57686775606657,imbalance
19061.71890541947,2.6846693518794256,1.3001354828083092,10.977852063524235,imbalance
19066.70996177352,0.9287275749659936,-2.82988261987898,9.834709033425078,imbalance
19071.828485331967,-1.771092157510472,-0.755217165675763,9.10971574346343,imbalance
19076.82000126985,-1.6834159788495306,1.4206784847202707,9.595314000006562,imbalance
19081.7384669054,1.9805051518995425,1.8033576693256816,10.636241517914351,imbalance
19086.698958736542,1.561495500978424,-2.345102863618366,10.299165754197594,imbalance
19091.6653288245,-1.772773664315013,-0.9887143635932903,9.64506962202104,imbalance
19096.690992291147,-2.0390915231145263,1.229462145772485,8.960512589878645,imbalance
19101.678893327964,1.5410607698981773,2.4086049996678227,10.08808896658417,imbalance
19106.751878038267,1.8234508469752249,-2.079478059375516,10.266891246168392,imbalance
19111.87247795217,-1.709990244061858,-1.3102431151179248,8.91823305186819,imbalance
19116.960371206136,-1.7053329710623553,0.6880882281475521,9.139279377027696,imbalance
19121.954160036905,1.3514618840252115,2.916359692925536,10.071766481560756,imbalance
19126.96981072414,2.5600713056474893,-1.7955188381011509,10.640733769982416,imbalance
19131.96381936531,-1.2154971741959129,-1.7752631976834718,9.121615577426054,imbalance
19136.89744615476,-1.8738198664030743,0.3709801239604334,8.869772535224229,imbalance
19141.99625109099,0.3440502334431479,2.753988024305671,9.932868172295525,imbalance
19146.96331414072,3.083596080364722,-0.6544537812362017,10.708758622475267,imbalance
19151.92760500892,-0.6382607615597667,-2.135212210245991,9.056141535289983,imbalance
19156.97901202822,-1.6897529898444388,0.0645827463153688,8.730644347094996,imbalance
19161.96686137565,-0.709134822241501,2.8504597652427703,9.965358966064512,imbalance
19166.927936593653,3.016753806562718,-0.1743836551801859,10.726643614400595,imbalance
19171.86290270608,-0.5611856505108688,-2.268395107046723,9.828098748354734,imbalance
19176.853732881314,-1.6942422564545667,-0.2379306614892271,9.06006136685635,imbalance
19181.807748315525,-1.3208055657821351,2.1126250495371224,9.432432437569336,imbalance
19186.818666354,2.7769490700973263,1.6149744508713353,10.766732706185326,imbalance
19191.82814034032,0.4083904526396739,-2.4655261091221896,10.250673204490216,imbalance
19196.788332064712,-1.847841481414489,-0.6831813738519905,9.112655696234471,imbalance
19201.75456933389,-1.826991576416689,1.6364125568254098,9.383968727184111,imbalance
19206.78871547912,2.38120937148528,2.313215432093992,10.219921394380837,imbalance
19211.758137912457,1.239121683524472,-2.623104236975621,10.464593450373778,imbalance
19216.75444355631,-1.8744545101567631,-1.4370696105556908,9.331468390168686,imbalance
19221.70366635267,-1.9168781362081373,1.0724611145985403,9.07406061880235,imbalance
19226.630355691774,1.1833683789769394,2.7210899597462954,10.059146518624146,imbalance
19231.65086989172,2.4827981567148867,-2.240899202918625,10.512106012105663,imbalance
19236.602110696287,-1.542790952269545,-1.3254433195436397,9.27153791432414,imbalance
19241.630076238704,-2.00279421232744,0.2648052915056285,9.130616793978,imbalance
19246.537066838384,0.4891743560821503,3.158457645073469,10.18749103758812,imbalance
19251.614840230788,3.0107683843109454,-1.01774362336591,10.680557523897551,imbalance
19256.5461337089,-1.078922356036042,-1.8623124072348247,9.619974287619508,imbalance
19261.48451768403,-1.5732673456979815,0.1601575000457213,9.21384586933011,imbalance
19266.497281123902,-0.5369003689003786,2.8024602208016303,10.119997804854378,imbalance
19271.59283758077,3.046890596157924,-0.6531525565795077,10.50533726085406,imbalance
19276.57827365081,-0.5349789197194609,-2.1573300665813075,9.477226873380229,imbalance
19281.58121787662,-1.9304696654451112,-0.2718397003398337,8.894389619069674,imbalance
19286.599700763527,-0.6601423199188206,2.791823020444807,9.719084572762622,imbalance
19291.583866824727,3.178671170898437,0.7791426646000487,10.647069318443222,imbalance
19296.64369478442,-0.1134338828426453,-2.9189436483354254,9.94916532067429,imbalance
19301.61844648699,-1.7368934794405533,-0.351586193807364,8.7584241972617,imbalance
19306.62898972157,-1.2512080824812006,1.803384185972691,9.554631987733996,imbalance
19311.684279282214,2.87026692257766,1.3959720322849745,10.648462695775669,imbalance
19316.68294465412,0.8052724681603232,-2.5583135034482645,10.3965084233504,imbalance
19321.703007958266,-1.312926871135453,-0.845707262722301,8.7323791547582,imbalance
19326.65451053277,-1.705862396961595,1.6712957585590362,9.173432028592629,imbalance
19331.558821525214,2.2036955801474387,1.8359951024379664,10.439445035944376,imbalance
19336.548969904983,1.2302129955064822,-2.48768738442096,10.391815952209456,imbalance
19341.501408076267,-1.6761516069462985,-1.26967316291507,9.011130490818848,imbalance
19346.348959582607,-2.2042732114682684,0.9661912857925709,9.069405469314932,imbalance
19351.35420374953,1.2122718958512464,2.565569296455918,10.487301177838182,imbalance
19356.37998434396,2.368848082570904,-2.10849669670621,10.284508672838813,imbalance
19361.3231741779,-1.346493972558244,-1.8027735117730008,9.378029274493397,imbalance
19366.3094988743,-2.0705496789845186,0.6537612542868723,9.18340785896942,imbalance
19371.313903171776,0.230721771413,3.209199207638401,10.215895412965898,imbalance
19376.32086266335,3.024453682397232,-0.9478351385953322,10.641072588187226,imbalance
19381.40469832436,-1.1808210598091793,-1.6618366981938872,9.272675155252404,imbalance
19386.314118261907,-1.606798696384783,-0.0522892225817876,8.953690871995498,imbalance
19391.263498407632,-0.7293982612681559,2.691607513312181,9.62251383525088,imbalance
19396.26409389481,3.033999344186239,-0.1627716217864194,10.8704001541546,imbalance
19401.28957928303,-0.5781937795878651,-2.6931644930812486,9.952913220447089,imbalance
19406.3189445326,-1.7246703776498633,-0.2883857913648504,8.956909297104003,imbalance
19411.35094795985,-1.084523395520577,2.425812522027371,9.423260571121432,imbalance
19416.42411279237,3.252596238423956,0.5730201375820819,10.237897692794338,imbalance
19421.40790371162,-0.1861206890999819,-2.986359391276868,10.271125082257782,imbalance
19426.378403615054,-1.6797201279863274,-0.4291970939315946,9.013064111405615,imbalance
19431.305440462736,-1.4424961281717898,1.3911297654741888,9.459184923358588,imbalance
19436.326815036264,3.015518267674863,1.934073084382476,10.685107395646542,imbalance
19441.38053213773,0.6558926650581728,-2.842127010641815,10.297931443032924,imbalance
19446.34494527593,-1.805042079978925,-0.7061805903818948,9.33921556526508,imbalance
19451.31090959064,-1.6038665012814717,1.1278987967703504,9.30790145473703,imbalance
19456.243586180724,2.173076382241294,2.103381689025661,10.618074646083905,imbalance
19461.175954284503,2.080770790032649,-2.379116444115016,10.410351106333705,imbalance
19466.17646533177,-1.357618271929388,-1.0894546993610137,9.308107003211562,imbalance
19471.191037576544,-1.965894916375436,0.1734969249238556,9.160676442440527,imbalance
19476.230365266747,1.120165037096891,2.873181535910441,10.002793123784578,imbalance
19481.211533082205,2.1771706507527164,-1.7000104537579044,10.870156323013456,imbalance
19486.293919637646,-1.6758771190736257,-1.833761640882564,9.34100763774286,imbalance
19491.28052848905,-1.7663856739509745,0.4806647238776447,9.229923837478184,imbalance
19496.335405764,0.4255627841554548,2.9566141985796888,10.291774190819876,imbalance
19501.31791609016,2.906948405107399,-0.9969722063888842,10.954944485822248,imbalance
19506.356159668925,-1.0184045430900694,-2.05730829022868,9.393708301287363,imbalance
19511.3123178708,-1.825949845873709,0.2221429674504436,8.816809661797771,imbalance
19516.385033612303,-0.3817940971992228,2.732158101253843,9.951895817294092,imbalance
19521.352227947,3.0080741708547527,0.2356765233235809,10.834106488268333,imbalance
19526.386762863058,-0.8031500016675774,-2.340400169082703,9.884476062793508,imbalance
19531.36422857186,-2.1056444405062686,-0.3315987916896176,8.967743919620595,imbalance
19536.354758780635,-0.8347296018584629,2.384119883472035,9.587802084039044,imbalance
19541.376591499647,3.265436399729611,0.7169483814818175,10.39634610252542,imbalance
19546.42704485073,-0.0550929176967025,-2.50640052224872,9.816677463171509,imbalance
19551.409848218136,-1.8182343127482976,-0.0413477585212537,8.746783615928999,imbalance
19556.39867453158,-1.274935761617282,1.8369538123379792,9.535726656864483,imbalance
19561.450968780853,2.7963826832087606,1.7053547411065475,10.534762943241727,imbalance
19566.50475244168,0.8189429665802395,-2.516148411312716,10.334769973688166,imbalance
19571.438084745874,-1.7695364045851176,-0.8749994342763401,9.094781063942046,imbalance
19576.49992990064,-1.9664199555151167,1.5639979414621044,9.253911034209482,imbalance
19581.409564415782,2.3734278218059623,2.2407348294918843,10.295750602115008,imbalance
19586.39305839069,1.6158010623590373,-2.3170835664946265,10.494047597401243,imbalance
19591.47194443229,-1.650215174425559,-0.904276199568972,9.31006085209455,imbalance
19596.457314278407,-1.7741698383882851,0.7702782683174711,9.323356155909163,imbalance
19601.47597266349,1.4822033403713002,2.747934020965106,10.474865661707057,imbalance
19606.505833859726,2.085726503933875,-1.926590900813028,10.64537884627455,imbalance
19611.43079396496,-1.2433077602798446,-1.327931605983819,9.404019255608574,imbalance
19616.35969937872,-1.870092012331948,0.4272342509702996,8.931529461719599,imbalance
19621.30732342625,0.1314780889936747,2.8639457232914425,10.31997411564924,imbalance
19626.337253049565,3.098939436181301,-1.0734972557006013,10.723240413946773,imbalance
19631.240339381915,-1.2965304564807765,-1.911047702780214,9.785932735936187,imbalance
19636.20512731996,-1.7356370222850643,0.0714746359094418,8.939486232045084,imbalance
19641.20717412323,-0.7824213644385655,2.4816650652111334,9.830584993198729,imbalance
19646.19335971896,3.37362363118832,-0.0797499284967246,10.820891027840965,imbalance
19651.093852097856,-0.4278671720290025,-2.5152057315777703,10.075690200857368,imbalance
19656.01832784776,-1.98179568431566,-0.3942370293876586,9.094323903416631,imbalance
19661.03520173458,-0.7758910877469897,2.240766393385254,9.648018005144843,imbalance
19666.009588437613,2.812562501935244,1.0960213654885562,10.783918550421085,imbalance
19671.01281823563,0.2679222246553212,-3.042027626572593,10.209552051365934,imbalance
19675.88365658124,-1.8602008694456773,-0.4778039813641972,8.98963864314586,imbalance
19680.85174533972,-1.5946637183239865,1.2932253847082391,9.228749536531122,imbalance
19685.939422545514,2.566658642911212,2.1204950071824578,10.439975586069169,imbalance
19691.03274754155,1.5176548519801476,-2.6785532705827824,9.949900476017586,imbalance
19695.98839785809,-1.8021493227750605,-0.6383284911821323,9.183258703546596,imbalance
19701.01453905421,-1.8411094054972243,1.239265875999767,9.258528741437642,imbalance
19706.00329443011,1.6073995957552771,2.462845640483197,10.476180494652324,imbalance
19710.936253501983,2.6258669754364754,-2.0679369786553825,10.465076111841828,imbalance
19715.883038874734,-1.807647336716781,-1.4839618671695158,8.978799852632658,imbalance
19720.81277099024,-1.967624026607612,0.7378246159159497,8.8588865975856,imbalance
19725.70216892922,0.4146672491562359,2.914348461654913,9.762808758229976,imbalance
19730.74660037984,2.851239264808469,-1.6917332928788182,10.84805764859831,imbalance
19735.77793161208,-1.4485403553712315,-1.7478293510402012,9.555176345315882,imbalance
19740.75418772305,-1.3398434500967502,-0.0196000110004735,9.024582270179158,imbalance
19745.69078538971,-0.1678942607802087,2.8631481615095016,9.971982495218066,imbalance
19750.779295438955,3.0662740812340306,-0.4333505744197078,10.64686525609943,imbalance
19755.741580995727,-0.7795163224450259,-2.294561382153592,9.557998638955524,imbalance
19760.80786413763,-1.899218559927708,0.0370192436961612,8.697737967112605,imbalance
19765.89701655908,-0.7829862556932131,2.365567967609113,9.585875850708511,imbalance
19770.833891862163,3.322234155425424,0.5552540753410375,10.488016918252017,imbalance
19775.898547334345,-0.1511977932073182,-2.8362432079945576,10.045116765361415,imbalance
19780.903863352232,-1.798090687881368,-0.3347009278500342,8.967764331953749,imbalance
19785.81399925609,-1.4293991086870736,2.028142974860441,9.643377986522044,imbalance
19790.8942073683,2.8667130862810337,1.5836510730268216,10.758032085909525,imbalance
19795.91838705399,0.2755885869641776,-2.85517982563344,10.442222578696908,imbalance
19800.89210923232,-1.8366709764308429,-0.6777764892344752,8.789385417168473,imbalance
19805.81985748824,-1.7342285186909774,1.3726681658898814,9.056655383246586,imbalance
19810.772296645708,2.2127651799440224,2.0753534984203097,10.623239377377674,imbalance
19815.72347555986,1.6595003997319504,-2.615880440324489,10.224456811082888,imbalance
19820.64750542246,-1.2804436297633583,-1.251199627506553,8.925035738447676,imbalance
19825.60613834885,-1.8167167302756284,1.2129320223982014,9.52776203830171,imbalance
19830.54010906752,1.6097699150866829,2.6968586635806,10.425049847847326,imbalance
